TERM,GRADE,STREAM,TEACHER
"Term 1, 2025 (DEMO)",2,E,PERIS
"Term 1, 2025 (DEMO)",2,N,HALIMA
"Term 1, 2025 (DEMO)",2,W,BARAKA
"Term 1, 2025 (DEMO)",3,E,ZENA
"Term 1, 2025 (DEMO)",3,N,REHEMA
"Term 1, 2025 (DEMO)",3,W,PENDO
"Term 1, 2025 (DEMO)",4,E,JAEL
"Term 1, 2025 (DEMO)",4,W,MAINA
"Term 1, 2025 (DEMO)",5,E,NAFULA
"Term 1, 2025 (DEMO)",5,W,NAFULA
"Term 1, 2025 (DEMO)",6,E,NAFULA
"Term 1, 2025 (DEMO)",6,W,NAFULA
"Term 1, 2025 (DEMO)",7,E,ULWIYA
"Term 1, 2025 (DEMO)",7,W,VIVIAN
"Term 1, 2025 (DEMO)",8,E,CALEB
"Term 1, 2025 (DEMO)",8,W,CALEB
"Term 1, 2025 (DEMO)",9,E,CALEB
"Term 1, 2025 (DEMO)",9,W,NAFULA
"Term 2, 2025 (DEMO)",2,E,OWINO
"Term 2, 2025 (DEMO)",2,N,HALIMA
"Term 2, 2025 (DEMO)",2,W,BARAKA
"Term 2, 2025 (DEMO)",3,E,ZENA
"Term 2, 2025 (DEMO)",3,N,REHEMA
"Term 2, 2025 (DEMO)",3,W,PENDO
"Term 2, 2025 (DEMO)",4,E,JAEL
"Term 2, 2025 (DEMO)",4,W,MAINA
"Term 2, 2025 (DEMO)",5,E,NAFULA
"Term 2, 2025 (DEMO)",5,W,NAFULA
"Term 2, 2025 (DEMO)",6,E,NAFULA
"Term 2, 2025 (DEMO)",6,W,NAFULA
"Term 2, 2025 (DEMO)",7,E,ULWIYA
"Term 2, 2025 (DEMO)",7,W,VIVIAN
"Term 2, 2025 (DEMO)",8,E,CALEB
"Term 2, 2025 (DEMO)",8,W,CALEB
"Term 2, 2025 (DEMO)",9,E,CALEB
"Term 2, 2025 (DEMO)",9,W,NAFULA
"Term 3, 2025 (DEMO)",2,E,OWINO
"Term 3, 2025 (DEMO)",2,N,HALIMA
"Term 3, 2025 (DEMO)",2,W,BARAKA
"Term 3, 2025 (DEMO)",3,E,ZENA
"Term 3, 2025 (DEMO)",3,N,REHEMA
"Term 3, 2025 (DEMO)",3,W,PENDO
"Term 3, 2025 (DEMO)",4,E,JAEL
"Term 3, 2025 (DEMO)",4,W,MAINA
"Term 3, 2025 (DEMO)",5,E,DIANA
"Term 3, 2025 (DEMO)",5,W,NAFULA
"Term 3, 2025 (DEMO)",6,E,NAFULA
"Term 3, 2025 (DEMO)",6,W,NAFULA
"Term 3, 2025 (DEMO)",7,E,ULWIYA
"Term 3, 2025 (DEMO)",7,W,VIVIAN
"Term 3, 2025 (DEMO)",8,E,CALEB
"Term 3, 2025 (DEMO)",8,W,CALEB
"Term 3, 2025 (DEMO)",9,E,CALEB
"Term 3, 2025 (DEMO)",9,W,NAFULA
