TERM,GRADE,STREAM,SUBJECT,TEACHER
"Term 1, 2025 (DEMO)",2,E,C/A,PERIS
"Term 1, 2025 (DEMO)",2,E,CRE,PERIS
"Term 1, 2025 (DEMO)",2,E,ENG.,PERIS
"Term 1, 2025 (DEMO)",2,E,ENV.,PERIS
"Term 1, 2025 (DEMO)",2,E,KIS.,PERIS
"Term 1, 2025 (DEMO)",2,E,MATH,PERIS
"Term 1, 2025 (DEMO)",2,N,C/A,HALIMA
"Term 1, 2025 (DEMO)",2,N,CRE,HALIMA
"Term 1, 2025 (DEMO)",2,N,ENG.,HALIMA
"Term 1, 2025 (DEMO)",2,N,ENV.,HALIMA
"Term 1, 2025 (DEMO)",2,N,KIS.,HALIMA
"Term 1, 2025 (DEMO)",2,N,MATH,HALIMA
"Term 1, 2025 (DEMO)",2,W,C/A,BARAKA
"Term 1, 2025 (DEMO)",2,W,CRE,BARAKA
"Term 1, 2025 (DEMO)",2,W,ENG.,BARAKA
"Term 1, 2025 (DEMO)",2,W,ENV.,BARAKA
"Term 1, 2025 (DEMO)",2,W,KIS.,BARAKA
"Term 1, 2025 (DEMO)",2,W,MATH,BARAKA
"Term 1, 2025 (DEMO)",3,E,C/A,ZENA
"Term 1, 2025 (DEMO)",3,E,CRE,ZENA
"Term 1, 2025 (DEMO)",3,E,ENG.,ZENA
"Term 1, 2025 (DEMO)",3,E,ENV.,ZENA
"Term 1, 2025 (DEMO)",3,E,KIS.,ZENA
"Term 1, 2025 (DEMO)",3,E,MATH,ZENA
"Term 1, 2025 (DEMO)",3,N,C/A,REHEMA
"Term 1, 2025 (DEMO)",3,N,CRE,REHEMA
"Term 1, 2025 (DEMO)",3,N,ENG.,REHEMA
"Term 1, 2025 (DEMO)",3,N,ENV.,REHEMA
"Term 1, 2025 (DEMO)",3,N,KIS.,REHEMA
"Term 1, 2025 (DEMO)",3,N,MATH,REHEMA
"Term 1, 2025 (DEMO)",3,W,C/A,PENDO
"Term 1, 2025 (DEMO)",3,W,CRE,PENDO
"Term 1, 2025 (DEMO)",3,W,ENG.,PENDO
"Term 1, 2025 (DEMO)",3,W,ENV.,PENDO
"Term 1, 2025 (DEMO)",3,W,KIS.,PENDO
"Term 1, 2025 (DEMO)",3,W,MATH,PENDO
"Term 1, 2025 (DEMO)",4,E,C/A,JAEL
"Term 1, 2025 (DEMO)",4,E,ENG.,KIOKO
"Term 1, 2025 (DEMO)",4,E,INT. SCI.,KIOKO
"Term 1, 2025 (DEMO)",4,E,KIS.,KIOKO
"Term 1, 2025 (DEMO)",4,E,MATH,KIOKO
"Term 1, 2025 (DEMO)",4,E,SST,GIDEON
"Term 1, 2025 (DEMO)",4,W,C/A,MAINA
"Term 1, 2025 (DEMO)",4,W,ENG.,MAINA
"Term 1, 2025 (DEMO)",4,W,INT. SCI.,MAINA
"Term 1, 2025 (DEMO)",4,W,KIS.,MAINA
"Term 1, 2025 (DEMO)",4,W,MATH,MAINA
"Term 1, 2025 (DEMO)",4,W,SST,BEATRICE
"Term 1, 2025 (DEMO)",5,E,C/A,NAFULA
"Term 1, 2025 (DEMO)",5,E,ENG.,VIVIAN
"Term 1, 2025 (DEMO)",5,E,INT. SCI.,VIVIAN
"Term 1, 2025 (DEMO)",5,E,KIS.,VIVIAN
"Term 1, 2025 (DEMO)",5,E,MATH,VIVIAN
"Term 1, 2025 (DEMO)",5,E,SST,VIVIAN
"Term 1, 2025 (DEMO)",5,W,C/A,NAFULA
"Term 1, 2025 (DEMO)",5,W,ENG.,BEATRICE
"Term 1, 2025 (DEMO)",5,W,INT. SCI.,BEATRICE
"Term 1, 2025 (DEMO)",5,W,KIS.,BEATRICE
"Term 1, 2025 (DEMO)",5,W,MATH,ULWIYA
"Term 1, 2025 (DEMO)",5,W,SST,ULWIYA
"Term 1, 2025 (DEMO)",6,E,C/A,NAFULA
"Term 1, 2025 (DEMO)",6,E,ENG.,NAFULA
"Term 1, 2025 (DEMO)",6,E,INT. SCI.,NAFULA
"Term 1, 2025 (DEMO)",6,E,KIS.,NAFULA
"Term 1, 2025 (DEMO)",6,E,MATH,CHERYL
"Term 1, 2025 (DEMO)",6,E,SST,CHERYL
"Term 1, 2025 (DEMO)",6,W,C/A,NAFULA
"Term 1, 2025 (DEMO)",6,W,ENG.,NAFULA
"Term 1, 2025 (DEMO)",6,W,INT. SCI.,JAEL
"Term 1, 2025 (DEMO)",6,W,KIS.,JAEL
"Term 1, 2025 (DEMO)",6,W,MATH,JAEL
"Term 1, 2025 (DEMO)",6,W,SST,RAMADHAN
"Term 1, 2025 (DEMO)",7,E,AGRI.,ULWIYA
"Term 1, 2025 (DEMO)",7,E,C/A,MUMBI
"Term 1, 2025 (DEMO)",7,E,CRE,MUMBI
"Term 1, 2025 (DEMO)",7,E,ENG.,FARAJA
"Term 1, 2025 (DEMO)",7,E,INT. SCI.,BEATRICE
"Term 1, 2025 (DEMO)",7,E,KIS.,BEATRICE
"Term 1, 2025 (DEMO)",7,E,MATH,CHERYL
"Term 1, 2025 (DEMO)",7,E,PRE-TECH,CALEB
"Term 1, 2025 (DEMO)",7,E,SST,GIDEON
"Term 1, 2025 (DEMO)",7,W,AGRI.,VIVIAN
"Term 1, 2025 (DEMO)",7,W,C/A,VIVIAN
"Term 1, 2025 (DEMO)",7,W,CRE,CHERYL
"Term 1, 2025 (DEMO)",7,W,ENG.,TERESIA
"Term 1, 2025 (DEMO)",7,W,INT. SCI.,TERESIA
"Term 1, 2025 (DEMO)",7,W,KIS.,TERESIA
"Term 1, 2025 (DEMO)",7,W,MATH,JAEL
"Term 1, 2025 (DEMO)",7,W,PRE-TECH,JAEL
"Term 1, 2025 (DEMO)",7,W,SST,JAEL
"Term 1, 2025 (DEMO)",8,E,AGRI.,CALEB
"Term 1, 2025 (DEMO)",8,E,C/A,KIOKO
"Term 1, 2025 (DEMO)",8,E,CRE,KIOKO
"Term 1, 2025 (DEMO)",8,E,ENG.,VIVIAN
"Term 1, 2025 (DEMO)",8,E,INT. SCI.,VIVIAN
"Term 1, 2025 (DEMO)",8,E,KIS.,FARAJA
"Term 1, 2025 (DEMO)",8,E,MATH,NAFULA
"Term 1, 2025 (DEMO)",8,E,PRE-TECH,NAFULA
"Term 1, 2025 (DEMO)",8,E,SST,NAFULA
"Term 1, 2025 (DEMO)",8,W,AGRI.,CALEB
"Term 1, 2025 (DEMO)",8,W,C/A,FARAJA
"Term 1, 2025 (DEMO)",8,W,CRE,FARAJA
"Term 1, 2025 (DEMO)",8,W,ENG.,FARAJA
"Term 1, 2025 (DEMO)",8,W,INT. SCI.,FARAJA
"Term 1, 2025 (DEMO)",8,W,KIS.,FARAJA
"Term 1, 2025 (DEMO)",8,W,MATH,NASRA
"Term 1, 2025 (DEMO)",8,W,PRE-TECH,TERESIA
"Term 1, 2025 (DEMO)",8,W,SST,KIOKO
"Term 1, 2025 (DEMO)",9,E,AGRI.,CALEB
"Term 1, 2025 (DEMO)",9,E,C/A,ULWIYA
"Term 1, 2025 (DEMO)",9,E,CRE,ULWIYA
"Term 1, 2025 (DEMO)",9,E,ENG.,ULWIYA
"Term 1, 2025 (DEMO)",9,E,INT. SCI.,ULWIYA
"Term 1, 2025 (DEMO)",9,E,KIS.,MUMBI
"Term 1, 2025 (DEMO)",9,E,MATH,MUMBI
"Term 1, 2025 (DEMO)",9,E,PRE-TECH,BEATRICE
"Term 1, 2025 (DEMO)",9,E,SST,HAWA
"Term 1, 2025 (DEMO)",9,W,AGRI.,NAFULA
"Term 1, 2025 (DEMO)",9,W,C/A,NAFULA
"Term 1, 2025 (DEMO)",9,W,CRE,JAEL
"Term 1, 2025 (DEMO)",9,W,ENG.,JAEL
"Term 1, 2025 (DEMO)",9,W,INT. SCI.,JAEL
"Term 1, 2025 (DEMO)",9,W,KIS.,JAEL
"Term 1, 2025 (DEMO)",9,W,MATH,MAINA
"Term 1, 2025 (DEMO)",9,W,PRE-TECH,VIVIAN
"Term 1, 2025 (DEMO)",9,W,SST,CHERYL
"Term 2, 2025 (DEMO)",2,E,C/A,OWINO
"Term 2, 2025 (DEMO)",2,E,CRE,OWINO
"Term 2, 2025 (DEMO)",2,E,ENG.,OWINO
"Term 2, 2025 (DEMO)",2,E,ENV.,OWINO
"Term 2, 2025 (DEMO)",2,E,KIS.,OWINO
"Term 2, 2025 (DEMO)",2,E,MATH,OWINO
"Term 2, 2025 (DEMO)",2,N,C/A,HALIMA
"Term 2, 2025 (DEMO)",2,N,CRE,HALIMA
"Term 2, 2025 (DEMO)",2,N,ENG.,HALIMA
"Term 2, 2025 (DEMO)",2,N,ENV.,HALIMA
"Term 2, 2025 (DEMO)",2,N,KIS.,HALIMA
"Term 2, 2025 (DEMO)",2,N,MATH,HALIMA
"Term 2, 2025 (DEMO)",2,W,C/A,BARAKA
"Term 2, 2025 (DEMO)",2,W,CRE,BARAKA
"Term 2, 2025 (DEMO)",2,W,ENG.,BARAKA
"Term 2, 2025 (DEMO)",2,W,ENV.,BARAKA
"Term 2, 2025 (DEMO)",2,W,KIS.,BARAKA
"Term 2, 2025 (DEMO)",2,W,MATH,BARAKA
"Term 2, 2025 (DEMO)",3,E,C/A,ZENA
"Term 2, 2025 (DEMO)",3,E,CRE,ZENA
"Term 2, 2025 (DEMO)",3,E,ENG.,ZENA
"Term 2, 2025 (DEMO)",3,E,ENV.,ZENA
"Term 2, 2025 (DEMO)",3,E,KIS.,ZENA
"Term 2, 2025 (DEMO)",3,E,MATH,ZENA
"Term 2, 2025 (DEMO)",3,N,C/A,REHEMA
"Term 2, 2025 (DEMO)",3,N,CRE,REHEMA
"Term 2, 2025 (DEMO)",3,N,ENG.,REHEMA
"Term 2, 2025 (DEMO)",3,N,ENV.,REHEMA
"Term 2, 2025 (DEMO)",3,N,KIS.,REHEMA
"Term 2, 2025 (DEMO)",3,N,MATH,REHEMA
"Term 2, 2025 (DEMO)",3,W,C/A,PENDO
"Term 2, 2025 (DEMO)",3,W,CRE,PENDO
"Term 2, 2025 (DEMO)",3,W,ENG.,PENDO
"Term 2, 2025 (DEMO)",3,W,ENV.,PENDO
"Term 2, 2025 (DEMO)",3,W,KIS.,PENDO
"Term 2, 2025 (DEMO)",3,W,MATH,PENDO
"Term 2, 2025 (DEMO)",4,E,C/A,JAEL
"Term 2, 2025 (DEMO)",4,E,ENG.,KIOKO
"Term 2, 2025 (DEMO)",4,E,INT. SCI.,KIOKO
"Term 2, 2025 (DEMO)",4,E,KIS.,KIOKO
"Term 2, 2025 (DEMO)",4,E,MATH,KIOKO
"Term 2, 2025 (DEMO)",4,E,SST,GIDEON
"Term 2, 2025 (DEMO)",4,W,C/A,MAINA
"Term 2, 2025 (DEMO)",4,W,ENG.,MAINA
"Term 2, 2025 (DEMO)",4,W,INT. SCI.,MAINA
"Term 2, 2025 (DEMO)",4,W,KIS.,MAINA
"Term 2, 2025 (DEMO)",4,W,MATH,MAINA
"Term 2, 2025 (DEMO)",4,W,SST,BEATRICE
"Term 2, 2025 (DEMO)",5,E,C/A,NAFULA
"Term 2, 2025 (DEMO)",5,E,ENG.,VIVIAN
"Term 2, 2025 (DEMO)",5,E,INT. SCI.,VIVIAN
"Term 2, 2025 (DEMO)",5,E,KIS.,VIVIAN
"Term 2, 2025 (DEMO)",5,E,MATH,VIVIAN
"Term 2, 2025 (DEMO)",5,E,SST,VIVIAN
"Term 2, 2025 (DEMO)",5,W,C/A,NAFULA
"Term 2, 2025 (DEMO)",5,W,ENG.,BEATRICE
"Term 2, 2025 (DEMO)",5,W,INT. SCI.,BEATRICE
"Term 2, 2025 (DEMO)",5,W,KIS.,BEATRICE
"Term 2, 2025 (DEMO)",5,W,MATH,ULWIYA
"Term 2, 2025 (DEMO)",5,W,SST,ULWIYA
"Term 2, 2025 (DEMO)",6,E,C/A,NAFULA
"Term 2, 2025 (DEMO)",6,E,ENG.,NAFULA
"Term 2, 2025 (DEMO)",6,E,INT. SCI.,NAFULA
"Term 2, 2025 (DEMO)",6,E,KIS.,NAFULA
"Term 2, 2025 (DEMO)",6,E,MATH,CHERYL
"Term 2, 2025 (DEMO)",6,E,SST,CHERYL
"Term 2, 2025 (DEMO)",6,W,C/A,NAFULA
"Term 2, 2025 (DEMO)",6,W,ENG.,NAFULA
"Term 2, 2025 (DEMO)",6,W,INT. SCI.,JAEL
"Term 2, 2025 (DEMO)",6,W,KIS.,JAEL
"Term 2, 2025 (DEMO)",6,W,MATH,JAEL
"Term 2, 2025 (DEMO)",6,W,SST,RAMADHAN
"Term 2, 2025 (DEMO)",7,E,AGRI.,ULWIYA
"Term 2, 2025 (DEMO)",7,E,C/A,MUMBI
"Term 2, 2025 (DEMO)",7,E,CRE,MUMBI
"Term 2, 2025 (DEMO)",7,E,ENG.,FARAJA
"Term 2, 2025 (DEMO)",7,E,INT. SCI.,BEATRICE
"Term 2, 2025 (DEMO)",7,E,KIS.,BEATRICE
"Term 2, 2025 (DEMO)",7,E,MATH,CHERYL
"Term 2, 2025 (DEMO)",7,E,PRE-TECH,CALEB
"Term 2, 2025 (DEMO)",7,E,SST,GIDEON
"Term 2, 2025 (DEMO)",7,W,AGRI.,VIVIAN
"Term 2, 2025 (DEMO)",7,W,C/A,VIVIAN
"Term 2, 2025 (DEMO)",7,W,CRE,CHERYL
"Term 2, 2025 (DEMO)",7,W,ENG.,TERESIA
"Term 2, 2025 (DEMO)",7,W,INT. SCI.,TERESIA
"Term 2, 2025 (DEMO)",7,W,KIS.,TERESIA
"Term 2, 2025 (DEMO)",7,W,MATH,JAEL
"Term 2, 2025 (DEMO)",7,W,PRE-TECH,JAEL
"Term 2, 2025 (DEMO)",7,W,SST,JAEL
"Term 2, 2025 (DEMO)",8,E,AGRI.,CALEB
"Term 2, 2025 (DEMO)",8,E,C/A,KIOKO
"Term 2, 2025 (DEMO)",8,E,CRE,KIOKO
"Term 2, 2025 (DEMO)",8,E,ENG.,VIVIAN
"Term 2, 2025 (DEMO)",8,E,INT. SCI.,VIVIAN
"Term 2, 2025 (DEMO)",8,E,KIS.,FARAJA
"Term 2, 2025 (DEMO)",8,E,MATH,NAFULA
"Term 2, 2025 (DEMO)",8,E,PRE-TECH,NAFULA
"Term 2, 2025 (DEMO)",8,E,SST,NAFULA
"Term 2, 2025 (DEMO)",8,W,AGRI.,CALEB
"Term 2, 2025 (DEMO)",8,W,C/A,FARAJA
"Term 2, 2025 (DEMO)",8,W,CRE,FARAJA
"Term 2, 2025 (DEMO)",8,W,ENG.,FARAJA
"Term 2, 2025 (DEMO)",8,W,INT. SCI.,FARAJA
"Term 2, 2025 (DEMO)",8,W,KIS.,FARAJA
"Term 2, 2025 (DEMO)",8,W,MATH,NASRA
"Term 2, 2025 (DEMO)",8,W,PRE-TECH,TERESIA
"Term 2, 2025 (DEMO)",8,W,SST,KIOKO
"Term 2, 2025 (DEMO)",9,E,AGRI.,CALEB
"Term 2, 2025 (DEMO)",9,E,C/A,ULWIYA
"Term 2, 2025 (DEMO)",9,E,CRE,ULWIYA
"Term 2, 2025 (DEMO)",9,E,ENG.,ULWIYA
"Term 2, 2025 (DEMO)",9,E,INT. SCI.,ULWIYA
"Term 2, 2025 (DEMO)",9,E,KIS.,MUMBI
"Term 2, 2025 (DEMO)",9,E,MATH,MUMBI
"Term 2, 2025 (DEMO)",9,E,PRE-TECH,BEATRICE
"Term 2, 2025 (DEMO)",9,E,SST,HAWA
"Term 2, 2025 (DEMO)",9,W,AGRI.,NAFULA
"Term 2, 2025 (DEMO)",9,W,C/A,NAFULA
"Term 2, 2025 (DEMO)",9,W,CRE,JAEL
"Term 2, 2025 (DEMO)",9,W,ENG.,JAEL
"Term 2, 2025 (DEMO)",9,W,INT. SCI.,JAEL
"Term 2, 2025 (DEMO)",9,W,KIS.,JAEL
"Term 2, 2025 (DEMO)",9,W,MATH,MAINA
"Term 2, 2025 (DEMO)",9,W,PRE-TECH,VIVIAN
"Term 2, 2025 (DEMO)",9,W,SST,CHERYL
"Term 3, 2025 (DEMO)",2,E,C/A,OWINO
"Term 3, 2025 (DEMO)",2,E,CRE,OWINO
"Term 3, 2025 (DEMO)",2,E,ENG.,OWINO
"Term 3, 2025 (DEMO)",2,E,ENV.,OWINO
"Term 3, 2025 (DEMO)",2,E,KIS.,OWINO
"Term 3, 2025 (DEMO)",2,E,MATH,OWINO
"Term 3, 2025 (DEMO)",2,N,C/A,HALIMA
"Term 3, 2025 (DEMO)",2,N,CRE,HALIMA
"Term 3, 2025 (DEMO)",2,N,ENG.,HALIMA
"Term 3, 2025 (DEMO)",2,N,ENV.,HALIMA
"Term 3, 2025 (DEMO)",2,N,KIS.,HALIMA
"Term 3, 2025 (DEMO)",2,N,MATH,HALIMA
"Term 3, 2025 (DEMO)",2,W,C/A,BARAKA
"Term 3, 2025 (DEMO)",2,W,CRE,BARAKA
"Term 3, 2025 (DEMO)",2,W,ENG.,BARAKA
"Term 3, 2025 (DEMO)",2,W,ENV.,BARAKA
"Term 3, 2025 (DEMO)",2,W,KIS.,BARAKA
"Term 3, 2025 (DEMO)",2,W,MATH,BARAKA
"Term 3, 2025 (DEMO)",3,E,C/A,ZENA
"Term 3, 2025 (DEMO)",3,E,CRE,ZENA
"Term 3, 2025 (DEMO)",3,E,ENG.,ZENA
"Term 3, 2025 (DEMO)",3,E,ENV.,ZENA
"Term 3, 2025 (DEMO)",3,E,KIS.,ZENA
"Term 3, 2025 (DEMO)",3,E,MATH,ZENA
"Term 3, 2025 (DEMO)",3,N,C/A,REHEMA
"Term 3, 2025 (DEMO)",3,N,CRE,REHEMA
"Term 3, 2025 (DEMO)",3,N,ENG.,REHEMA
"Term 3, 2025 (DEMO)",3,N,ENV.,REHEMA
"Term 3, 2025 (DEMO)",3,N,KIS.,REHEMA
"Term 3, 2025 (DEMO)",3,N,MATH,REHEMA
"Term 3, 2025 (DEMO)",3,W,C/A,PENDO
"Term 3, 2025 (DEMO)",3,W,CRE,PENDO
"Term 3, 2025 (DEMO)",3,W,ENG.,PENDO
"Term 3, 2025 (DEMO)",3,W,ENV.,PENDO
"Term 3, 2025 (DEMO)",3,W,KIS.,PENDO
"Term 3, 2025 (DEMO)",3,W,MATH,PENDO
"Term 3, 2025 (DEMO)",4,E,C/A,JAEL
"Term 3, 2025 (DEMO)",4,E,ENG.,KIOKO
"Term 3, 2025 (DEMO)",4,E,INT. SCI.,KIOKO
"Term 3, 2025 (DEMO)",4,E,KIS.,KIOKO
"Term 3, 2025 (DEMO)",4,E,MATH,KIOKO
"Term 3, 2025 (DEMO)",4,E,SST,GIDEON
"Term 3, 2025 (DEMO)",4,W,C/A,MAINA
"Term 3, 2025 (DEMO)",4,W,ENG.,MAINA
"Term 3, 2025 (DEMO)",4,W,INT. SCI.,MAINA
"Term 3, 2025 (DEMO)",4,W,KIS.,MAINA
"Term 3, 2025 (DEMO)",4,W,MATH,MAINA
"Term 3, 2025 (DEMO)",4,W,SST,BEATRICE
"Term 3, 2025 (DEMO)",5,E,C/A,DIANA
"Term 3, 2025 (DEMO)",5,E,ENG.,VIVIAN
"Term 3, 2025 (DEMO)",5,E,INT. SCI.,VIVIAN
"Term 3, 2025 (DEMO)",5,E,KIS.,VIVIAN
"Term 3, 2025 (DEMO)",5,E,MATH,VIVIAN
"Term 3, 2025 (DEMO)",5,E,SST,VIVIAN
"Term 3, 2025 (DEMO)",5,W,C/A,NAFULA
"Term 3, 2025 (DEMO)",5,W,ENG.,BEATRICE
"Term 3, 2025 (DEMO)",5,W,INT. SCI.,BEATRICE
"Term 3, 2025 (DEMO)",5,W,KIS.,BEATRICE
"Term 3, 2025 (DEMO)",5,W,MATH,ULWIYA
"Term 3, 2025 (DEMO)",5,W,SST,ULWIYA
"Term 3, 2025 (DEMO)",6,E,C/A,NAFULA
"Term 3, 2025 (DEMO)",6,E,ENG.,NAFULA
"Term 3, 2025 (DEMO)",6,E,INT. SCI.,NAFULA
"Term 3, 2025 (DEMO)",6,E,KIS.,NAFULA
"Term 3, 2025 (DEMO)",6,E,MATH,CHERYL
"Term 3, 2025 (DEMO)",6,E,SST,CHERYL
"Term 3, 2025 (DEMO)",6,W,C/A,NAFULA
"Term 3, 2025 (DEMO)",6,W,ENG.,NAFULA
"Term 3, 2025 (DEMO)",6,W,INT. SCI.,JAEL
"Term 3, 2025 (DEMO)",6,W,KIS.,JAEL
"Term 3, 2025 (DEMO)",6,W,MATH,JAEL
"Term 3, 2025 (DEMO)",6,W,SST,RAMADHAN
"Term 3, 2025 (DEMO)",7,E,AGRI.,ULWIYA
"Term 3, 2025 (DEMO)",7,E,C/A,MUMBI
"Term 3, 2025 (DEMO)",7,E,CRE,MUMBI
"Term 3, 2025 (DEMO)",7,E,ENG.,FARAJA
"Term 3, 2025 (DEMO)",7,E,INT. SCI.,BEATRICE
"Term 3, 2025 (DEMO)",7,E,KIS.,BEATRICE
"Term 3, 2025 (DEMO)",7,E,MATH,CHERYL
"Term 3, 2025 (DEMO)",7,E,PRE-TECH,CALEB
"Term 3, 2025 (DEMO)",7,E,SST,GIDEON
"Term 3, 2025 (DEMO)",7,W,AGRI.,VIVIAN
"Term 3, 2025 (DEMO)",7,W,C/A,VIVIAN
"Term 3, 2025 (DEMO)",7,W,CRE,CHERYL
"Term 3, 2025 (DEMO)",7,W,ENG.,TERESIA
"Term 3, 2025 (DEMO)",7,W,INT. SCI.,TERESIA
"Term 3, 2025 (DEMO)",7,W,KIS.,TERESIA
"Term 3, 2025 (DEMO)",7,W,MATH,JAEL
"Term 3, 2025 (DEMO)",7,W,PRE-TECH,JAEL
"Term 3, 2025 (DEMO)",7,W,SST,JAEL
"Term 3, 2025 (DEMO)",8,E,AGRI.,CALEB
"Term 3, 2025 (DEMO)",8,E,C/A,KIOKO
"Term 3, 2025 (DEMO)",8,E,CRE,KIOKO
"Term 3, 2025 (DEMO)",8,E,ENG.,VIVIAN
"Term 3, 2025 (DEMO)",8,E,INT. SCI.,VIVIAN
"Term 3, 2025 (DEMO)",8,E,KIS.,FARAJA
"Term 3, 2025 (DEMO)",8,E,MATH,NAFULA
"Term 3, 2025 (DEMO)",8,E,PRE-TECH,NAFULA
"Term 3, 2025 (DEMO)",8,E,SST,NAFULA
"Term 3, 2025 (DEMO)",8,W,AGRI.,CALEB
"Term 3, 2025 (DEMO)",8,W,C/A,FARAJA
"Term 3, 2025 (DEMO)",8,W,CRE,FARAJA
"Term 3, 2025 (DEMO)",8,W,ENG.,FARAJA
"Term 3, 2025 (DEMO)",8,W,INT. SCI.,FARAJA
"Term 3, 2025 (DEMO)",8,W,KIS.,FARAJA
"Term 3, 2025 (DEMO)",8,W,MATH,NASRA
"Term 3, 2025 (DEMO)",8,W,PRE-TECH,TERESIA
"Term 3, 2025 (DEMO)",8,W,SST,KIOKO
"Term 3, 2025 (DEMO)",9,E,AGRI.,CALEB
"Term 3, 2025 (DEMO)",9,E,C/A,ULWIYA
"Term 3, 2025 (DEMO)",9,E,CRE,ULWIYA
"Term 3, 2025 (DEMO)",9,E,ENG.,ULWIYA
"Term 3, 2025 (DEMO)",9,E,INT. SCI.,ULWIYA
"Term 3, 2025 (DEMO)",9,E,KIS.,MUMBI
"Term 3, 2025 (DEMO)",9,E,MATH,MUMBI
"Term 3, 2025 (DEMO)",9,E,PRE-TECH,BEATRICE
"Term 3, 2025 (DEMO)",9,E,SST,HAWA
"Term 3, 2025 (DEMO)",9,W,AGRI.,NAFULA
"Term 3, 2025 (DEMO)",9,W,C/A,NAFULA
"Term 3, 2025 (DEMO)",9,W,CRE,JAEL
"Term 3, 2025 (DEMO)",9,W,ENG.,JAEL
"Term 3, 2025 (DEMO)",9,W,INT. SCI.,JAEL
"Term 3, 2025 (DEMO)",9,W,KIS.,JAEL
"Term 3, 2025 (DEMO)",9,W,MATH,MAINA
"Term 3, 2025 (DEMO)",9,W,PRE-TECH,VIVIAN
"Term 3, 2025 (DEMO)",9,W,SST,CHERYL
